category,date,source,title,link,description,hits
나프타,2026-09-30,중앙일보,"호주서 뽑은 LNG, 한국으로…SK ‘14년 승부’ 성공한 바로사 가스전",https://www.joongang.co.kr/article/25466026,경질유는 ‘석유화학의 쌀’로 불리는 나프타(납사)를 만드는 원료다. 대략 서울시 넓이 정도의 바로사... 특히 호주 북부는 중동이나 미국 등 기존 LNG 공급처에 비해 한국까지 운송 거리가 가까워 사업성이 높다는... ,6
나프타,2026-09-30,이투데이,중동 전운·보호무역 뚫는 무보⋯원자재 수입부터 서비스까지 전방위 지...,https://www.etoday.co.kr/news/view/2630756,"올해 3월 호르무즈 해협 봉쇄 우려로 석유화학 핵심 원료인 나프타 수급에 비상이 걸리자, 무보는 17개 시중은행과 공동 지원체계를 속도감 있게 구축했다. 여천NCC의 수입신용장(L/C) 개설에 5000만달러 규모의 수입보험을... ",6
나프타,2026-09-30,한국경제,14년 투자 끝에…호주서 'LNG 밸류체인' 일군 SK이노,https://www.hankyung.com/article/2026093055751,경질유는 ‘석유화학의 쌀’로 불리는 나프타의 원료다. 업계에서는 SK이노베이션 E&S의 호주 밸류체인이 LNG 가격 변동성이 커질 때 더욱 빛을 발할 것이라는 관측이 나온다. 현물 가격이 급등하거나 공급량이... ,4
나프타,2026-09-30,조선일보,호르무즈 안 거치고 한국으로... LNG 연 130만 t 공급길 뚫렸다,https://www.chosun.com/economy/industry-company/2026/09/30/WZCC53YSZZCURCCXCDZQMRUFZI/?utm_source=naver&utm_medium=referral&utm_campaign=naver-news,산업통상부도 지난 23일 제1차 자원안보기본계획에 가스 공급선 다변화와 중장기 계약 확대를 명시했다.... 연간 약 110만 배럴을 확보한 초경질유는 나프타가 많아 석유화학 원료로 쓰인다. SK이노베이션은 “해외... ,4
나프타,2026-10-01,중앙일보,SK의 14년 뚝심 통했다…‘20년 2600만t’ LNG 확보,https://www.joongang.co.kr/article/25466165,여기에 ‘석유화학의 쌀’로 불리는 나프타를 만드는 경질유도 연간 110만 배럴 덤으로 얻을 수 있다.... 특히 호주 북부는 중동이나 미국 등 기존 LNG 공급처에 비해 한국까지 운송 거리가 가까워 사업성도 높다.... ,3
나프타,2026-09-30,머니투데이,"HS효성첨단소재, 베트남 다낭에 1억 달러 규모 카페트 신공장 건설",https://www.mt.co.kr/industry/2026/09/30/2026093012440531849,대표적으로 △사탕수수에서 추출한 원료를 활용해 석유화학 자원 사용을 줄인 바이오 성분 30% 함량의 '바이오 베이스드 페트(Bio-Based PET) 카페트' △버려진 페트병을 재활용한 '리사이클드 페트(Recycled PET)... ,3
나프타,2026-09-30,아시아경제,"[이주의 관.종]SK이노베이션, 올해 사상 최대 실적 전망",https://view.asiae.co.kr/article/2026092908551427633,"다만 SK아이이테크놀로지 합병, SK시티가스홀딩스 매각, SK지오센트릭 나프타분해시설(NCC) 가동 중단 및 폐쇄 가능성 등 구조조정은 부담 요인이다. 사업 재편 과정에서 발생하는 주식 가치 희석과 자산 매각 및 설비... ",3
원유,2026-10-01,뉴스1,중동 원유공급 회복에도 유가 1% 상승…美·이란 협상 교착,https://www.news1.kr/world/international-economy/6306805,중동 지역의 원유 공급은 빠르게 회복되고 있다. 사우디아라비아는 동서 송유관 가동을 재개한 데 이어 전날 홍해 연안 얀부항에서 유조선 선적을 다시 시작했다. 골드만삭스는 지난주 걸프 지역의 원유 수출이... ,15
원유,2026-09-30,헤럴드경제,"중간선거 앞둔 트럼프, 고유가에 전략비축유 추가 방출 [1일1트]",https://biz.heraldcorp.com/article/10888693?ref=naver,크리스 라이트 에너지부 장관은 “몇몇 유럽 회원국들은 약속했던 원유와 석유 제품 중 극히 일부만... 그는 EU가 가격 급등 완화 필요성과 더 심각할 수 있는 공급 차질에 대비한 긴급 비축분 보존 사이에서 균형을... ,15
원유,2026-09-30,디지털타임스,호르무즈 뚫린 건가…“중동원유 수출량 전쟁 전 98% 회복 ”,https://www.dt.co.kr/article/12086759?ref=naver,"글로벌 원유 공급 부족을 충당하기 위해 석유 시장의 수급이 전략비축유(SPR) 방출에 상당 부분 의존하고 있는 점도 우려를 사는 지점이다. 미국의 전략비축유 재고는 2억8400만 배럴 미만으로, 1982년 이래 44년 만에 최저... ",14
원유,2026-09-30,이데일리,"러시아, 정유시설 피격에 연료난…'경유' 수출금지 10월 말까지 연장",https://www.edaily.co.kr/News/Read?newsId=05825286645585368&mediaCodeNo=257&utm_source=naver&utm_medium=referral&utm_campaign=news_syndication&utm_content=original_article,"핀란드 헬싱키에 있는 에너지·청정대기연구센터(CREA)는 최근 보고서에서 러시아가 자국산 원유를 인도에서 정제한 석유제품을 수입하고 있으며, 한국에서도 연료를 공급받고 있다고 밝혔다.",12
원유,2026-09-30,에너지경제,"삼성重, 대형가스운반선 2척 수주…3000억원 규모",https://www.ekn.kr/web/view.php?key=20260930023070604,선종별로는 △액화천연가스(LNG)운반선 18척(LNG-FSRU 1척) △원유운반선 14척 △가스운반선 6척... 하반기들어 글로벌 시장의 수요 변화에 효과적으로 대응하며 활발한 수주 흐름을 이어나가고 있다는 평가다.... ,12
원유,2026-10-01,머니투데이,"SK에너지, '고객만족도 조사' 주유소 부문 16년 연속 1위",https://www.mt.co.kr/industry/2026/10/01/2026100109073623748,"인정받았다""며 ""글로벌 원유·석유제품 공급망의 불확실성이 커지고 국제 연료시장의 수급 불안이 확대되는 가운데서도 전국 주유소 네트워크를 기반으로 국내 고객들에게 필요한 에너지를 안정적으로 공급하는 데... ",10
원유,2026-10-01,이데일리,금리 급등에 뉴욕증시 대체로 약세…마이크론은 ‘깜짝 실적’[뉴스새벽...,https://www.edaily.co.kr/News/Read?newsId=02627286645608656&mediaCodeNo=257&utm_source=naver&utm_medium=referral&utm_campaign=news_syndication&utm_content=original_article,"-산제이 메로트라 마이크론 최고경영자(CEO)는 2027~2028회계연도에 메모리 수급이 더욱 타이트해질 것으로... 53달러에, 같은 달 인도분 서부텍사스산원유(WTI)는 1.04달러(1.16%) 상승한 배럴당 90.42달러에 각각 거래... ",9
중동영향,2026-09-30,뉴스1,"이란, '7일 신뢰구축안' 美답변 받아…호르무즈 협상 분수령(종합)",https://www.news1.kr/world/middleeast-africa/6306698,"앞서 이란은 △해상 봉쇄 해제 △원유 제재 완화 △레바논을 포함한 역내 휴전 등 여러 요구 조건을 제시하며, 이를 받아들인다면 호르무즈 해협을 7일 내로 개방하겠다고 제안했다. 도널드 트럼프 미국 대통령은 이... ",39
중동영향,2026-09-30,디지털타임스,호르무즈 뚫린 건가…“중동원유 수출량 전쟁 전 98% 회복 ”,https://www.dt.co.kr/article/12086759?ref=naver,걸프국들이 활용하는 원유 셔틀 서비스는 이란이나 러시아가 제재를 피하기 위해 은밀하게 사용해온 해상 선박 간 환적 기법을 그대로 활용한 것이다. 아랍에미리트(UAE)의 아부다비국영석유회사(ADNOC)는 지난 4월부터... ,38
중동영향,2026-10-01,한겨레,트럼프 “사흘간 호르무즈 빠져나온 원유 역대 가장 많아”,https://www.hani.co.kr/arti/international/international_general/1280330.html,도널드 트럼프 미국 대통령이 최근 사흘 간 호르무즈해협을 통해 빠져 나온 원유가 이란과의 전쟁 전보다 많았다고 말했다. 사우디아라비아의 동서송유관이 복구되면서 중동 전체 원유 수출량도 회복세다. 트럼프... ,27
중동영향,2026-09-30,뉴스핌,"""이란, 호르무즈 영향력 잃고 있다""… 원유 수송 전쟁 전 80% 회복",https://www.newspim.com/news/view/20260930001325,이란이 세계 원유 수송의 핵심 길목인 호르무즈 해협에 대한 영향력을 잃고 있다는 분석이 나왔다. CNN은 29일(현지시간) 미 해군의 지원을 등에 업은 걸프 산유국들이 호르무즈 해협을 통한 원유 수송을 빠르게 늘리면서... ,26
중동영향,2026-09-30,파이낸셜뉴스,"사우디, 홍해 얀부에서 원유 선적 재개, 공급난 해소 기대",https://www.fnnews.com/news/202609300909492811,통한 원유 수출이 전면 중단된 바 있다. 이후 사우디 측은 지난 22일 파이프라인 가동을 정상화했다. 얀부 항의 수송 재개 소식은 미국-이란 전쟁 여파로 위축되었던 중동발 공급 물량 증가 신호로 해석되며 지난 28일... ,21
중동영향,2026-09-30,파이낸셜뉴스,호르무즈 봉쇄 영향 8월 울산항 물동량 전년 동월 대비 18.1% 감소,https://www.fnnews.com/news/202609301555187424,원유는 비중동산 원유 반입 확대로 지난 7월 반짝 증가했지만 또 다시 호르무즈 해협이 봉쇄되는 등 중동 정세 불안이 지속되면서 감소 추세로 돌아섰다. 반면 석유가스 및 기타 가스는 2.3% 증가했다. 1~8월 누계... ,20
중동영향,2026-09-30,이투데이,"뉴욕증시, 국채금리 상승에 약보합⋯유가, 3.5% 급락 [글로벌마켓 모닝...",https://www.etoday.co.kr/news/view/2630651,중동에서 더 많은 원유가 공급될수록 이란의 협상력은 약해질 것”이라고 말했다. 원자재 분석업체 케이플러가 전일 공개한 데이터에 따르면 9월 중동 산유국들의 원유 수출량은 하루 1632만8000배럴로 회복됐다.... ,20
